zip,n_registrations,pct_destroyed,pct_sba_approved,pct_flood_damage,pct_foundation_damage,pct_roof_damage,pct_flood_insured,mean_water_depth_m,median_water_depth_m,mean_flood_damage_amt,mean_ihp_amount,total_ihp_amount
75928,38,0.0,0.0,0.2894736842105263,0.02631578947368421,0.02631578947368421,0.18421052631578946,0.08087894736842105,0.0,1435.8036842105264,1236.8336842105264,46999.68
75933,30,0.0,0.06666666666666667,0.3,0.1,0.03333333333333333,0.13333333333333333,0.11091333333333334,0.0,2953.5823333333333,2081.134,62434.02
75938,25,0.0,0.0,0.24,0.16,0.0,0.08,0.10363199999999999,0.0,845.3344000000001,1451.3436,36283.59
75951,160,0.0,0.01875,0.1125,0.06875,0.075,0.06875,0.038735,0.0,691.28475,711.7521875,113880.35
75956,112,0.0,0.08035714285714286,0.24107142857142858,0.0625,0.044642857142857144,0.10714285714285714,0.12065,0.0,3468.058125,1571.9833928571427,176062.13999999998
75966,26,0.0,0.0,0.11538461538461539,0.0,0.11538461538461539,0.11538461538461539,0.0127,0.0,22.14807692307692,140.17384615384614,3644.52
75979,84,0.0,0.011904761904761904,0.16666666666666666,0.05952380952380952,0.09523809523809523,0.05952380952380952,0.06894285714285714,0.0,1360.2009523809525,1272.6086904761905,106899.13
77002,26,0.0,0.07692307692307693,0.07692307692307693,0.0,0.0,0.5384615384615384,0.042984615384615385,0.0,346.95576923076925,473.11,12300.86
77003,52,0.0,0.09615384615384616,0.019230769230769232,0.0,0.019230769230769232,0.25,0.0058615384615384606,0.0,4.138846153846154,168.68634615384613,8771.689999999999
77004,220,0.0,0.05909090909090909,0.1409090909090909,0.00909090909090909,0.045454545454545456,0.2545454545454545,0.043179999999999996,0.0,695.4896363636364,582.7785454545455,128211.28
77005,105,0.0,0.009523809523809525,0.14285714285714285,0.0,0.009523809523809525,0.6476190476190476,0.04112380952380952,0.0,1160.9859999999999,635.0597142857143,66681.27
77006,72,0.0,0.05555555555555555,0.08333333333333333,0.013888888888888888,0.027777777777777776,0.3333333333333333,0.010583333333333333,0.0,413.94125,260.4529166666667,18752.61
77007,173,0.0,0.046242774566473986,0.15028901734104047,0.017341040462427744,0.04046242774566474,0.2832369942196532,0.06416069364161849,0.0,1053.8818497109826,785.3756647398843,135869.99
77008,196,0.0,0.05102040816326531,0.45408163265306123,0.015306122448979591,0.03571428571428571,0.6785714285714286,0.2265265306122449,0.0,5776.628010204082,1395.620612244898,273541.64
77009,179,0.0,0.0446927374301676,0.3407821229050279,0.0111731843575419,0.0446927374301676,0.29608938547486036,0.18815865921787708,0.0,2729.2683240223464,1893.3711731843575,338913.44
77011,37,0.0,0.0,0.1891891891891892,0.05405405405405406,0.05405405405405406,0.08108108108108109,0.0864972972972973,0.0,1505.1532432432432,1742.8364864864864,64484.95
77012,46,0.0,0.021739130434782608,0.2826086956521739,0.06521739130434782,0.10869565217391304,0.15217391304347827,0.07896086956521739,0.0,672.3602173913043,682.5752173913044,31398.46
77013,243,0.0,0.07818930041152264,0.5802469135802469,0.00411522633744856,0.0411522633744856,0.5061728395061729,0.3178658436213992,0.15239999999999998,10155.208024691357,5183.267242798353,1259533.94
77014,279,0.0,0.02867383512544803,0.017921146953405017,0.010752688172043012,0.06810035842293907,0.15412186379928317,0.0037326164874551967,0.0,10.879641577060932,144.6590681003584,40359.88
77015,500,0.0,0.048,0.318,0.014,0.076,0.296,0.1619504,0.0,4595.37098,2294.53868,1147269.34
77016,418,0.0,0.04066985645933014,0.2703349282296651,0.01674641148325359,0.0861244019138756,0.2942583732057416,0.04812631578947368,0.0,1816.3867942583734,1317.1810287081341,550581.67
77017,238,0.0,0.0546218487394958,0.36554621848739494,0.025210084033613446,0.09243697478991597,0.1638655462184874,0.04578403361344537,0.0,1985.984369747899,1629.8961344537815,387915.28
77018,117,0.0,0.06837606837606838,0.3076923076923077,0.0,0.042735042735042736,0.47863247863247865,0.048846153846153845,0.0,2285.9423076923076,884.1917094017093,103450.43
77019,72,0.0,0.013888888888888888,0.08333333333333333,0.0,0.013888888888888888,0.4027777777777778,0.08290277777777778,0.0,1161.3730555555555,738.18,53148.96
77020,166,0.0,0.03614457831325301,0.3132530120481928,0.006024096385542169,0.12048192771084337,0.13855421686746988,0.10435421686746986,0.0,3697.3564457831326,3005.0022289156627,498830.37
77021,254,0.0,0.023622047244094488,0.16141732283464566,0.003937007874015748,0.07480314960629922,0.25196850393700787,0.028099999999999997,0.0,971.1715748031496,1031.9670078740157,262119.62
77022,179,0.0,0.027932960893854747,0.37988826815642457,0.0335195530726257,0.07262569832402235,0.3743016759776536,0.08215977653631285,0.0,2525.457430167598,1261.3907262569833,225788.94
77023,95,0.0,0.05263157894736842,0.12631578947368421,0.031578947368421054,0.06315789473684211,0.17894736842105263,0.0254,0.0,439.4038947368421,265.2032631578947,25194.309999999998
77024,486,0.0,0.12139917695473251,0.6152263374485597,0.0102880658436214,0.01440329218106996,0.49794238683127573,0.4148666666666666,0.3302,13199.932510288067,7789.982119341564,3785931.31
77025,411,0.0,0.0948905109489051,0.6447688564476886,0.0072992700729927005,0.024330900243309004,0.7931873479318735,0.2935523114355231,0.17779999999999999,11927.76708029197,2996.5936253041364,1231599.98
77026,233,0.0,0.04291845493562232,0.38197424892703863,0.055793991416309016,0.12875536480686695,0.39914163090128757,0.11544463519313304,0.0,3167.0401287553645,2073.4545064377685,483114.9
77027,53,0.0,0.018867924528301886,0.20754716981132076,0.0,0.018867924528301886,0.4339622641509434,0.38435471698113205,0.0,1449.213962264151,1389.7350943396225,73655.95999999999
77028,429,0.0,0.046620046620046623,0.6223776223776224,0.02097902097902098,0.10722610722610723,0.2634032634032634,0.2627034965034965,0.15239999999999998,9410.518414918415,7442.437645687645,3192805.75
77029,223,0.0,0.03139013452914798,0.4349775784753363,0.04035874439461883,0.09865470852017937,0.21973094170403587,0.09328520179372196,0.0,3372.126591928251,2585.09730941704,576476.7
77030,50,0.0,0.04,0.26,0.0,0.0,0.7,0.10464799999999999,0.0,2218.4482000000003,693.8,34690.0
77031,133,0.0,0.03759398496240601,0.12781954887218044,0.007518796992481203,0.045112781954887216,0.22556390977443608,0.009739849624060149,0.0,580.6869172932331,306.3915037593985,40750.07
77032,131,0.0,0.015267175572519083,0.6412213740458015,0.030534351145038167,0.030534351145038167,0.6335877862595419,0.33136335877862594,0.254,8223.0706870229,3060.7505343511452,400958.32
77033,350,0.0,0.022857142857142857,0.20285714285714285,0.008571428571428572,0.11428571428571428,0.28,0.027649714285714288,0.0,879.775457142857,692.9266,242524.31
77034,713,0.0,0.04628330995792426,0.6437587657784011,0.008415147265077139,0.04207573632538569,0.42496493688639553,0.1910165497896213,0.1016,8104.754347826087,4328.661486676017,3086335.64
77035,347,0.0,0.08645533141210375,0.5677233429394812,0.005763688760806916,0.023054755043227664,0.6195965417867435,0.1982956772334294,0.1016,9685.159740634006,2585.435619596542,897146.16
77036,97,0.0,0.030927835051546393,0.09278350515463918,0.010309278350515464,0.061855670103092786,0.30927835051546393,0.0028804123711340204,0.0,55.42618556701031,232.1180412371134,22515.45
77037,377,0.0,0.023872679045092837,0.6976127320954907,0.0,0.03713527851458886,0.6074270557029178,0.23675225464190983,0.17779999999999999,8806.19151193634,3528.667931034483,1330307.81
77038,231,0.0,0.012987012987012988,0.2813852813852814,0.004329004329004329,0.06060606060606061,0.3852813852813853,0.07883896103896104,0.0,2734.5930303030304,1698.0822943722944,392257.01
77039,493,0.0,0.038539553752535496,0.744421906693712,0.004056795131845842,0.056795131845841784,0.43204868154158216,0.1803760649087221,0.15239999999999998,8481.126206896552,4562.135395537525,2249132.75
77040,249,0.0,0.024096385542168676,0.17670682730923695,0.0,0.01606425702811245,0.46987951807228917,0.03876305220883534,0.0,1452.8281526104417,651.8139357429719,162301.67
77041,616,0.0,0.09902597402597403,0.4805194805194805,0.016233766233766232,0.037337662337662336,0.2532467532467532,0.1561935064935065,0.0,8607.039691558442,6705.885665584416,4130825.57
77042,371,0.0,0.08086253369272237,0.4797843665768194,0.0,0.008086253369272238,0.5525606469002695,0.27323827493261454,0.0,11634.554393530996,5494.545849056603,2038476.51
77043,109,0.0,0.045871559633027525,0.22018348623853212,0.009174311926605505,0.03669724770642202,0.3944954128440367,0.02283669724770642,0.0,1768.8738532110092,1205.0329357798164,131348.59
77044,1141,0.0008764241893076249,0.05521472392638037,0.4662576687116564,0.011393514460999123,0.03943908851884312,0.1656441717791411,0.16243978965819456,0.0,6400.357563540754,5498.567186678352,6273865.16
77045,325,0.0,0.04,0.08307692307692308,0.006153846153846154,0.08307692307692308,0.25846153846153846,0.006877538461538461,0.0,295.95806153846155,345.8733230769231,112408.83
77047,658,0.0,0.02735562310030395,0.13677811550151975,0.0060790273556231,0.07750759878419453,0.20972644376899696,0.025708814589665653,0.0,1076.2562613981763,995.7689361702127,655215.96
77048,271,0.0,0.025830258302583026,0.08118081180811808,0.0036900369003690036,0.07749077490774908,0.1992619926199262,0.008904059040590405,0.0,234.72435424354245,280.5264206642067,76022.66
77049,677,0.0014771048744460858,0.047267355982274745,0.3663220088626292,0.0103397341211226,0.04431314623338257,0.21861152141802068,0.1748735598227474,0.0,4994.972451994092,4067.1876514032497,2753486.04
77050,66,0.0,0.06060606060606061,0.45454545454545453,0.015151515151515152,0.09090909090909091,0.4696969696969697,0.22244242424242422,0.0,8364.896212121212,1979.8160606060605,130667.86
77051,179,0.0,0.0111731843575419,0.13966480446927373,0.01675977653631285,0.0782122905027933,0.1787709497206704,0.014473743016759775,0.0,710.704748603352,761.1526256983241,136246.32
77053,339,0.0,0.035398230088495575,0.09734513274336283,0.008849557522123894,0.0943952802359882,0.15339233038348082,0.008241887905604718,0.0,186.873598820059,373.0016519174041,126447.56
77054,71,0.0,0.0,0.028169014084507043,0.014084507042253521,0.0,0.6338028169014085,0.005008450704225352,0.0,14.428591549295776,154.67704225352114,10982.07
77055,77,0.0,0.025974025974025976,0.12987012987012986,0.012987012987012988,0.06493506493506493,0.38961038961038963,0.007916883116883116,0.0,386.22623376623375,229.81974025974026,17696.12
77056,109,0.0,0.045871559633027525,0.44954128440366975,0.009174311926605505,0.01834862385321101,0.6330275229357798,0.42644036697247706,0.0,9870.977981651376,3143.992201834862,342695.14999999997
77057,109,0.0,0.027522935779816515,0.1743119266055046,0.0,0.0,0.5412844036697247,0.12816513761467888,0.0,4248.867889908257,1955.2990825688073,213127.6
77058,107,0.0,0.037383177570093455,0.2897196261682243,0.0,0.0,0.7570093457943925,0.15358691588785045,0.0,3158.7671028037385,909.4511214953271,97311.27
77059,122,0.0,0.08196721311475409,0.27049180327868855,0.00819672131147541,0.03278688524590164,0.47540983606557374,0.05579672131147541,0.0,4325.561229508196,1822.6522131147542,222363.57
77060,177,0.0,0.02824858757062147,0.3954802259887006,0.011299435028248588,0.06779661016949153,0.3785310734463277,0.08452316384180791,0.0,2760.1750282485873,1907.7318079096046,337668.53
77061,167,0.0,0.0658682634730539,0.31736526946107785,0.017964071856287425,0.07784431137724551,0.281437125748503,0.05505868263473053,0.0,2592.9001796407188,1568.051616766467,261864.62
77062,191,0.0,0.05235602094240838,0.2513089005235602,0.010471204188481676,0.05235602094240838,0.39790575916230364,0.02340523560209424,0.0,1754.9767539267016,702.0894240837696,134099.08
77063,246,0.0,0.036585365853658534,0.4105691056910569,0.0,0.0040650406504065045,0.5365853658536586,0.1569430894308943,0.0,6512.997276422764,3600.2221951219512,885654.66
77064,212,0.0,0.018867924528301886,0.0330188679245283,0.0047169811320754715,0.07547169811320754,0.2641509433962264,0.0016773584905660375,0.0,78.17688679245283,239.71915094339622,50820.46
77065,192,0.0,0.036458333333333336,0.3125,0.005208333333333333,0.046875,0.2864583333333333,0.046698958333333325,0.0,3787.379010416667,2616.1622916666665,502303.16
77066,311,0.0,0.022508038585209004,0.06430868167202572,0.00964630225080386,0.05787781350482315,0.2765273311897106,0.005553697749196141,0.0,273.81398713826366,336.2694533762058,104579.8
77067,210,0.0,0.02857142857142857,0.06190476190476191,0.004761904761904762,0.07142857142857142,0.1761904761904762,0.01149047619047619,0.0,213.36233333333334,290.6674285714286,61040.16
77068,175,0.0,0.10285714285714286,0.45714285714285713,0.005714285714285714,0.05142857142857143,0.41714285714285715,0.3461657142857143,0.0,12918.039085714285,4798.168171428571,839679.43
77069,126,0.0,0.031746031746031744,0.4523809523809524,0.0,0.047619047619047616,0.5476190476190477,0.36628412698412693,0.0,12998.531746031746,3006.2001587301584,378781.22
77070,581,0.0,0.14802065404475043,0.6161790017211703,0.0034423407917383822,0.0189328743545611,0.4079173838209983,0.2507648881239243,0.15239999999999998,10848.699793459553,6079.708141135973,3532310.43
77071,343,0.0,0.03206997084548105,0.1661807580174927,0.026239067055393587,0.0728862973760933,0.2944606413994169,0.06709154518950437,0.0,1793.6086588921282,495.7527988338192,170043.21
77072,342,0.0,0.011695906432748537,0.12573099415204678,0.0,0.07602339181286549,0.4298245614035088,0.013294152046783626,0.0,507.2934210526316,361.38423976608186,123593.41
77073,467,0.0,0.055674518201284794,0.21841541755888652,0.0,0.044967880085653104,0.1905781584582441,0.13526723768736615,0.0,3683.6215203426123,3062.304475374732,1430096.19
77074,403,0.0,0.02977667493796526,0.6724565756823822,0.004962779156327543,0.034739454094292806,0.7022332506203474,0.27839156327543424,0.2032,10314.818957816376,2834.235781637717,1142197.02
77075,621,0.0,0.04830917874396135,0.41867954911433175,0.00966183574879227,0.05475040257648953,0.24798711755233493,0.1098621578099839,0.0,4662.784541062802,3448.404959742351,2141459.48
77076,119,0.0,0.05042016806722689,0.3025210084033613,0.008403361344537815,0.06722689075630252,0.17647058823529413,0.05570924369747899,0.0,2027.1924369747899,1513.6195798319327,180120.72999999998
77077,620,0.0,0.07258064516129033,0.35,0.016129032258064516,0.03225806451612903,0.4967741935483871,0.17612032258064514,0.0,6482.618161290322,3463.1980322580644,2147182.78
77078,387,0.0,0.05426356589147287,0.6201550387596899,0.007751937984496124,0.025839793281653745,0.2842377260981912,0.37496175710594315,0.2286,11445.489819121445,8734.715633074937,3380334.95
77079,849,0.0,0.12956419316843346,0.6678445229681979,0.008244994110718492,0.016489988221436984,0.5842167255594818,0.6325766784452297,0.6095999999999999,19464.424782096587,8166.362532391048,6933241.79
77080,104,0.0,0.0,0.19230769230769232,0.0,0.019230769230769232,0.375,0.05373076923076922,0.0,1430.0375961538462,716.9520192307693,74563.01000000001
77081,45,0.0,0.0,0.24444444444444444,0.0,0.022222222222222223,0.8,0.0445911111111111,0.0,1769.6964444444443,457.07044444444443,20568.17
77082,343,0.0,0.037900874635568516,0.06705539358600583,0.011661807580174927,0.09620991253644315,0.4868804664723032,0.0048134110787172,0.0,178.73358600583092,172.1954810495627,59063.05
77083,669,0.0,0.02391629297458894,0.04185351270553064,0.0029895366218236174,0.08370702541106129,0.1554559043348281,0.004821823617339312,0.0,123.92088191330343,267.7562630792227,179128.94
77084,1641,0.0,0.07007921998781232,0.42291285801340645,0.006703229737964655,0.02681291895185862,0.35161486898232786,0.23281011578305907,0.0,8192.176873857405,4609.77943936624,7564648.06
77085,142,0.0,0.035211267605633804,0.06338028169014084,0.0,0.07042253521126761,0.176056338028169,0.004114084507042253,0.0,56.516408450704226,208.9926056338028,29676.95
77086,196,0.0,0.025510204081632654,0.08673469387755102,0.01020408163265306,0.05102040816326531,0.18877551020408162,0.01166326530612245,0.0,402.6463265306122,290.5464795918367,56947.11
77087,232,0.0,0.03017241379310345,0.17672413793103448,0.034482758620689655,0.08189655172413793,0.25,0.03448706896551724,0.0,934.2889224137931,880.9812499999999,204387.65
77088,649,0.0,0.03543913713405239,0.3050847457627119,0.009244992295839754,0.06471494607087827,0.38212634822804314,0.08457534668721109,0.0,3247.04217257319,1100.7406779661017,714380.7
77089,1483,0.0,0.07282535401213756,0.571813890761969,0.012811867835468645,0.057316250842886045,0.48347943358057993,0.19645178691840862,0.07619999999999999,7643.224059339177,3574.934389750506,5301627.7
77090,365,0.0,0.049315068493150684,0.4465753424657534,0.0,0.030136986301369864,0.5287671232876713,0.54864,0.0,13005.857205479451,4149.517095890411,1514573.74
77091,229,0.0,0.026200873362445413,0.3318777292576419,0.017467248908296942,0.06986899563318777,0.44541484716157204,0.10171091703056769,0.0,3745.244978165939,1347.1631004366811,308500.35
77092,128,0.0,0.0546875,0.296875,0.0,0.0390625,0.46875,0.08651874999999999,0.0,2706.91625,1011.613359375,129486.51
77093,323,0.0,0.04024767801857585,0.4551083591331269,0.02786377708978328,0.07739938080495357,0.42105263157894735,0.09397213622291022,0.0,3023.3947368421054,1482.5322291021673,478857.91000000003
77094,115,0.0,0.034782608695652174,0.41739130434782606,0.008695652173913044,0.017391304347826087,0.4782608695652174,0.20717565217391304,0.0,7365.620086956521,4382.049043478261,503935.64
77095,501,0.0,0.03992015968063872,0.14770459081836326,0.003992015968063872,0.04790419161676647,0.19760479041916168,0.021293413173652694,0.0,1359.388343313373,1277.7110778443114,640133.25
77096,785,0.0,0.07261146496815286,0.729936305732484,0.003821656050955414,0.011464968152866241,0.8687898089171975,0.3295528662420382,0.2032,15650.375184713375,3420.8441783439494,2685362.68
77098,26,0.0,0.038461538461538464,0.15384615384615385,0.0,0.07692307692307693,0.5384615384615384,0.023446153846153842,0.0,417.30384615384617,535.4511538461538,13921.73
77099,277,0.0,0.036101083032490974,0.11552346570397112,0.0036101083032490976,0.07942238267148015,0.4584837545126354,0.012929241877256317,0.0,786.2088086642599,427.47649819494586,118410.99
77301,60,0.0,0.016666666666666666,0.08333333333333333,0.016666666666666666,0.03333333333333333,0.11666666666666667,0.02497666666666666,0.0,711.8241666666667,374.1065,22446.39
77302,184,0.005434782608695652,0.06521739130434782,0.6413043478260869,0.03260869565217391,0.021739130434782608,0.5217391304347826,0.8063119565217391,0.49529999999999996,18917.31027173913,3335.898804347826,613805.38
77303,47,0.0,0.0425531914893617,0.1276595744680851,0.0851063829787234,0.10638297872340426,0.06382978723404255,0.01945531914893617,0.0,1128.8063829787234,216.48893617021275,10174.98
77304,99,0.010101010101010102,0.030303030303030304,0.20202020202020202,0.020202020202020204,0.030303030303030304,0.23232323232323232,0.2427111111111111,0.0,5732.542626262626,1279.2568686868685,126646.43
77306,51,0.0,0.058823529411764705,0.3137254901960784,0.058823529411764705,0.0392156862745098,0.19607843137254902,0.18128627450980392,0.0,2824.477254901961,1514.909411764706,77260.38
77316,68,0.0,0.08823529411764706,0.29411764705882354,0.08823529411764706,0.1323529411764706,0.10294117647058823,0.11952941176470588,0.0,3375.883970588235,2692.827058823529,183112.24
77318,60,0.0,0.05,0.3333333333333333,0.05,0.05,0.21666666666666667,0.07831666666666666,0.0,3517.1175,1912.7848333333334,114767.09
77320,59,0.0,0.01694915254237288,0.2033898305084746,0.11864406779661017,0.1694915254237288,0.1016949152542373,0.04993898305084745,0.0,875.5954237288137,722.446779661017,42624.36
77327,246,0.0,0.036585365853658534,0.4024390243902439,0.07317073170731707,0.07723577235772358,0.25609756097560976,0.21703577235772356,0.0,5382.544024390244,2434.910569105691,598988.0
77328,103,0.0,0.0,0.21359223300970873,0.06796116504854369,0.07766990291262135,0.0970873786407767,0.16571650485436892,0.0,3103.5751456310677,1633.6633980582526,168267.33000000002
77331,53,0.0,0.03773584905660377,0.39622641509433965,0.07547169811320754,0.20754716981132076,0.22641509433962265,0.337388679245283,0.0,5369.795471698113,1683.203962264151,89209.81
77335,26,0.0,0.15384615384615385,0.46153846153846156,0.11538461538461539,0.11538461538461539,0.15384615384615385,0.23836923076923075,0.0254,4900.661153846154,3590.037692307692,93340.98
77336,186,0.0,0.12365591397849462,0.532258064516129,0.03763440860215054,0.03763440860215054,0.34946236559139787,0.42770322580645154,0.0508,11630.245806451614,5032.337741935484,936014.8200000001
77338,614,0.003257328990228013,0.07003257328990228,0.3550488599348534,0.004885993485342019,0.03420195439739414,0.20521172638436483,0.34567166123778503,0.0,9668.23335504886,5521.977491856678,3390494.18
77339,482,0.002074688796680498,0.10995850622406639,0.5601659751037344,0.004149377593360996,0.024896265560165973,0.483402489626556,0.5981120331950207,0.5841999999999999,20780.393526970955,6857.273091286307,3305205.63
77340,57,0.0,0.07017543859649122,0.17543859649122806,0.03508771929824561,0.10526315789473684,0.08771929824561403,0.06996140350877193,0.0,491.8450877192983,473.5794736842106,26994.030000000002
77345,477,0.0,0.20125786163522014,0.6771488469601677,0.0020964360587002098,0.03563941299790356,0.39832285115303984,0.5122067085953879,0.4064,18831.71853249476,9816.745199161425,4682587.46
77346,661,0.0,0.07413010590015129,0.22844175491679275,0.0015128593040847202,0.0453857791225416,0.2314674735249622,0.14844205748865355,0.0,5949.308154311649,2250.8262632375186,1487796.16
77351,99,0.0,0.020202020202020204,0.16161616161616163,0.09090909090909091,0.15151515151515152,0.08080808080808081,0.03617575757575757,0.0,422.6679797979798,400.8648484848485,39685.62
77354,110,0.0,0.03636363636363636,0.32727272727272727,0.01818181818181818,0.10909090909090909,0.3181818181818182,0.1420090909090909,0.0,5598.3291818181815,1270.9799999999998,139807.8
77355,78,0.0,0.01282051282051282,0.2948717948717949,0.02564102564102564,0.05128205128205128,0.28205128205128205,0.10290256410256408,0.0,3425.8608974358976,923.2607692307694,72014.34000000001
77356,126,0.0,0.05555555555555555,0.2222222222222222,0.015873015873015872,0.031746031746031744,0.25396825396825395,0.04213174603174603,0.0,2271.318412698413,1541.6060317460317,194242.36
77357,212,0.0,0.07547169811320754,0.49528301886792453,0.08490566037735849,0.06132075471698113,0.33490566037735847,0.46402924528301887,0.0254,10779.023962264151,4214.741745283019,893525.25
77362,34,0.0,0.0,0.4411764705882353,0.0,0.0,0.38235294117647056,0.3951941176470588,0.0,9629.497647058823,2922.354117647059,99360.04000000001
77365,214,0.014018691588785047,0.056074766355140186,0.2803738317757009,0.018691588785046728,0.04672897196261682,0.24299065420560748,0.2303803738317757,0.0,6953.384859813084,2074.2193457943927,443882.94
77371,73,0.0,0.0410958904109589,0.2602739726027397,0.0684931506849315,0.1643835616438356,0.0821917808219178,0.13013150684931507,0.0,2949.664657534247,1720.6906849315071,125610.42000000001
77372,120,0.008333333333333333,0.041666666666666664,0.4583333333333333,0.06666666666666667,0.06666666666666667,0.2916666666666667,0.39497,0.0254,9378.742666666667,3571.063333333333,428527.6
77373,846,0.0,0.06973995271867613,0.3073286052009456,0.0035460992907801418,0.037825059101654845,0.22458628841607564,0.21794160756501182,0.0,6675.424432624114,4245.091276595745,3591347.22
77375,357,0.0,0.047619047619047616,0.39215686274509803,0.0,0.008403361344537815,0.27450980392156865,0.07989971988795518,0.0,5307.369495798319,3147.9638655462186,1123823.1
77377,103,0.0,0.05825242718446602,0.14563106796116504,0.009708737864077669,0.02912621359223301,0.21359223300970873,0.03797669902912621,0.0,1734.4344660194174,1232.2319417475728,126919.89
77378,30,0.0,0.03333333333333333,0.13333333333333333,0.03333333333333333,0.06666666666666667,0.03333333333333333,0.026246666666666665,0.0,437.957,858.5463333333333,25756.39
77379,593,0.0,0.09106239460370995,0.4451939291736931,0.008431703204047217,0.04047217537942664,0.3288364249578415,0.3213335581787521,0.0,11829.175075885329,5463.069055649242,3239599.95
77380,164,0.0,0.054878048780487805,0.5792682926829268,0.0,0.036585365853658534,0.49390243902439024,0.3123890243902439,0.1016,10026.33274390244,3881.3390853658534,636539.61
77381,60,0.0,0.06666666666666667,0.26666666666666666,0.0,0.05,0.3333333333333333,0.18796,0.0,5520.304666666666,1531.4038333333333,91884.23
77384,26,0.0,0.038461538461538464,0.0,0.0,0.038461538461538464,0.38461538461538464,0.0,0.0,0.0,115.38461538461539,3000.0
77385,196,0.015306122448979591,0.12755102040816327,0.5357142857142857,0.02040816326530612,0.030612244897959183,0.41836734693877553,0.5030755102040816,0.07619999999999999,14115.292551020408,4828.534285714286,946392.72
77386,354,0.0,0.059322033898305086,0.3163841807909605,0.0,0.02824858757062147,0.2288135593220339,0.12821977401129944,0.0,4377.55395480226,2516.0422033898303,890678.94
77388,358,0.0,0.061452513966480445,0.3016759776536313,0.002793296089385475,0.04189944134078212,0.2569832402234637,0.13586871508379889,0.0,5464.073296089386,3252.8789385474856,1164530.66
77389,153,0.0,0.05228758169934641,0.3333333333333333,0.0196078431372549,0.0196078431372549,0.3202614379084967,0.17481176470588233,0.0,6013.491503267975,2523.5855555555554,386108.58999999997
77396,565,0.0,0.024778761061946902,0.16283185840707964,0.0035398230088495575,0.07079646017699115,0.18584070796460178,0.03672884955752212,0.0,1293.438336283186,859.121592920354,485403.7
77401,538,0.0,0.0687732342007435,0.7193308550185874,0.0018587360594795538,0.020446096654275093,0.8345724907063197,0.2625453531598513,0.17779999999999999,10608.712639405205,3086.0962639405207,1660319.79
77406,669,0.0,0.02391629297458894,0.16591928251121077,0.014947683109118086,0.02092675635276532,0.4125560538116592,0.04855994020926756,0.0,2497.2566666666667,1017.1893572496264,680499.68
77407,1258,0.0,0.08426073131955485,0.3481717011128776,0.0023847376788553257,0.0397456279809221,0.09220985691573927,0.0742616852146264,0.0,4691.68086645469,4607.43673290938,5796155.41
77414,711,0.0,0.014064697609001406,0.0759493670886076,0.004219409282700422,0.03375527426160337,0.38255977496483823,0.015611533052039382,0.0,467.6760337552742,566.6419690576653,402882.44
77420,37,0.0,0.0,0.5945945945945946,0.05405405405405406,0.05405405405405406,0.1891891891891892,0.24713513513513513,0.07619999999999999,6592.395945945946,3933.6348648648645,145544.49
77422,474,0.0,0.06118143459915612,0.29957805907172996,0.02109704641350211,0.0189873417721519,0.4978902953586498,0.1694940928270042,0.0,5128.916898734177,2792.6180801687765,1323700.97
77423,144,0.0,0.04861111111111111,0.4236111111111111,0.027777777777777776,0.04861111111111111,0.2986111111111111,0.1160638888888889,0.0,4410.119722222222,2304.8483333333334,331898.16000000003
77429,782,0.0,0.08312020460358056,0.4884910485933504,0.0076726342710997444,0.04603580562659847,0.4296675191815857,0.15902608695652173,0.0,7443.373158567774,3365.6989514066495,2631976.58
77430,35,0.0,0.02857142857142857,0.42857142857142855,0.02857142857142857,0.0,0.5428571428571428,0.2329542857142857,0.0,3924.2068571428567,1309.744,45841.04
77433,716,0.0,0.040502793296089384,0.21089385474860337,0.00558659217877095,0.04329608938547486,0.1787709497206704,0.03849022346368715,0.0,2441.9248044692736,1792.7206843575418,1283588.01
77434,23,0.0,0.0,0.13043478260869565,0.043478260869565216,0.043478260869565216,0.08695652173913043,0.02871304347826087,0.0,482.03565217391304,473.7339130434783,10895.880000000001
77435,49,0.0,0.02040816326530612,0.4897959183673469,0.02040816326530612,0.08163265306122448,0.42857142857142855,0.3737428571428571,0.0508,10756.597959183675,2269.5204081632655,111206.5
77437,58,0.0,0.0,0.05172413793103448,0.017241379310344827,0.0,0.1896551724137931,0.0013137931034482757,0.0,160.3203448275862,265.49086206896555,15398.470000000001
77441,101,0.0,0.07920792079207921,0.31683168316831684,0.0297029702970297,0.019801980198019802,0.25742574257425743,0.132029702970297,0.0,8018.774851485148,4683.939306930693,473077.87
77445,24,0.0,0.041666666666666664,0.041666666666666664,0.0,0.08333333333333333,0.08333333333333333,0.005291666666666667,0.0,1037.9575,1146.0408333333332,27504.98
77447,85,0.0,0.011764705882352941,0.2235294117647059,0.023529411764705882,0.10588235294117647,0.21176470588235294,0.11564470588235293,0.0,2093.581176470588,871.1682352941177,74049.3
77449,1157,0.0,0.032843560933448576,0.1512532411408816,0.007778738115816767,0.07692307692307693,0.13396715643906656,0.023182713915298185,0.0,994.8996369922212,709.6724546240276,821091.03
77450,1308,0.0,0.19877675840978593,0.6070336391437309,0.00382262996941896,0.03746177370030581,0.23318042813455658,0.23778516819571863,0.127,11788.573126911315,9217.10006116208,12055966.88
77456,44,0.0,0.022727272727272728,0.022727272727272728,0.0,0.0,0.20454545454545456,0.021359090909090907,0.0,332.61090909090905,180.1590909090909,7927.0
77459,1859,0.0,0.0328133405056482,0.04034427111350188,0.004841312533620226,0.04518558364712211,0.2097902097902098,0.005041742872512103,0.0,299.1318504572351,486.2959494351802,904024.17
77461,74,0.0,0.04054054054054054,0.24324324324324326,0.06756756756756757,0.04054054054054054,0.24324324324324326,0.04908378378378378,0.0,1475.7250000000001,580.8179729729729,42980.53
77465,165,0.0,0.012121212121212121,0.030303030303030304,0.006060606060606061,0.07272727272727272,0.40606060606060607,0.009852121212121213,0.0,59.87454545454545,211.6578181818182,34923.54
77469,529,0.0,0.02835538752362949,0.07183364839319471,0.00945179584120983,0.026465028355387523,0.15500945179584122,0.019350094517958414,0.0,751.0075047258979,474.88081285444235,251211.95
77471,333,0.0,0.024024024024024024,0.12612612612612611,0.018018018018018018,0.05105105105105105,0.27927927927927926,0.08253093093093092,0.0,1845.4859459459458,775.7193393393394,258314.54
77474,46,0.0,0.06521739130434782,0.34782608695652173,0.0,0.021739130434782608,0.45652173913043476,0.2622826086956522,0.0,6971.089130434782,575.275652173913,26462.68
77476,39,0.0,0.1282051282051282,0.7435897435897436,0.0,0.0,0.8974358974358975,0.4272410256410256,0.4572,15854.337435897436,2748.061282051282,107174.39
77477,249,0.0,0.012048192771084338,0.0963855421686747,0.004016064257028112,0.07630522088353414,0.2248995983935743,0.009486746987951808,0.0,336.73919678714856,291.45726907630524,72572.86
77478,149,0.0,0.040268456375838924,0.020134228187919462,0.006711409395973154,0.03355704697986577,0.1610738255033557,0.0006818791946308724,0.0,21.393624161073827,149.69577181208052,22304.67
77479,1278,0.0,0.061815336463223784,0.16118935837245696,0.011737089201877934,0.035211267605633804,0.21517996870109546,0.03808012519561815,0.0,2513.937746478873,2252.213302034429,2878328.6
77480,246,0.0,0.028455284552845527,0.16666666666666666,0.008130081300813009,0.012195121951219513,0.3983739837398374,0.08270487804878048,0.0,2616.284390243902,1563.280162601626,384566.92
77482,100,0.0,0.06,0.34,0.01,0.08,0.19,0.06985,0.0,2294.2365,2083.0632,208306.32
77484,37,0.0,0.02702702702702703,0.1891891891891892,0.02702702702702703,0.13513513513513514,0.2702702702702703,0.05903783783783783,0.0,1428.5583783783784,242.3981081081081,8968.73
77485,58,0.0,0.0,0.6724137931034483,0.08620689655172414,0.06896551724137931,0.6551724137931034,0.4120931034482758,0.4445,10803.464310344829,3023.795172413793,175380.12
77486,274,0.0,0.014598540145985401,0.07664233576642336,0.0036496350364963502,0.01824817518248175,0.3248175182481752,0.049316788321167884,0.0,1266.2082116788322,1165.7588686131387,319417.93
77488,373,0.0,0.064343163538874,0.5978552278820375,0.045576407506702415,0.05630026809651475,0.3646112600536193,0.3089538873994638,0.1016,9594.429008042896,5133.061447721179,1914631.92
77489,827,0.0,0.03385731559854897,0.04836759371221282,0.013301088270858524,0.08101571946795647,0.1414752116082225,0.00436130592503023,0.0,200.85996372430472,272.3661064087062,225246.77
77493,478,0.0,0.07740585774058577,0.46443514644351463,0.0020920502092050207,0.03556485355648536,0.26778242677824265,0.09740209205020921,0.0,5911.387322175732,3564.2894560669456,1703730.36
77494,489,0.0,0.06134969325153374,0.1656441717791411,0.002044989775051125,0.026584867075664622,0.2085889570552147,0.03038650306748466,0.0,2160.8284049079757,1326.2739877300612,648547.98
77498,411,0.0,0.0413625304136253,0.18491484184914841,0.012165450121654502,0.0413625304136253,0.13138686131386862,0.02781021897810219,0.0,1501.4848661800488,1346.6433576642337,553470.42
77502,442,0.0,0.04751131221719457,0.48642533936651583,0.01583710407239819,0.049773755656108594,0.19457013574660634,0.07918823529411764,0.0254,4595.935294117647,3381.846153846154,1494776.0
77503,252,0.0,0.05952380952380952,0.3134920634920635,0.007936507936507936,0.07936507936507936,0.2261904761904762,0.042635714285714284,0.0,2240.124166666667,1738.0988095238097,438000.9
77504,186,0.0,0.0913978494623656,0.40860215053763443,0.010752688172043012,0.05913978494623656,0.23655913978494625,0.062407526881720424,0.0,3585.5364516129034,3054.431774193549,568124.31
77505,247,0.004048582995951417,0.06882591093117409,0.4534412955465587,0.016194331983805668,0.06882591093117409,0.44129554655870445,0.09388744939271255,0.0,5080.106315789474,2622.1663967611335,647675.1
77506,258,0.0,0.05813953488372093,0.43023255813953487,0.03875968992248062,0.10852713178294573,0.10465116279069768,0.07570775193798449,0.0,2975.253527131783,2407.008023255814,621008.07
77510,330,0.0,0.10909090909090909,0.6818181818181818,0.030303030303030304,0.04242424242424243,0.3151515151515151,0.16617757575757575,0.08889999999999999,8122.552727272727,5350.684303030303,1765725.82
77511,591,0.0,0.08121827411167512,0.43147208121827413,0.03722504230118443,0.06260575296108291,0.3840947546531303,0.17810084602368867,0.0,5549.056514382402,3201.8940778341794,1892319.4
77514,118,0.0,0.06779661016949153,0.3305084745762712,0.025423728813559324,0.05084745762711865,0.23728813559322035,0.1233406779661017,0.0,3107.8539830508475,2384.5195762711865,281373.31
77515,550,0.0,0.04909090909090909,0.38,0.007272727272727273,0.03636363636363636,0.5909090909090909,0.1602970909090909,0.0,5358.043327272728,2131.7950545454546,1172487.28
77517,91,0.0,0.13186813186813187,0.6703296703296703,0.04395604395604396,0.07692307692307693,0.37362637362637363,0.1951054945054945,0.1016,7148.763736263736,5009.346043956044,455850.49
77518,130,0.0,0.08461538461538462,0.5153846153846153,0.015384615384615385,0.046153846153846156,0.3,0.08635999999999999,0.0508,4122.129846153846,3393.995538461538,441219.42
77520,295,0.0,0.05423728813559322,0.27796610169491526,0.023728813559322035,0.10847457627118644,0.22372881355932203,0.06104610169491525,0.0,2343.239288135593,1590.9637627118643,469334.31
77521,1043,0.0,0.08437200383509108,0.4726749760306807,0.013422818791946308,0.052732502396931925,0.30393096836049854,0.23968053691275168,0.0,8902.237018216681,4710.59154362416,4913146.9799999995
77523,546,0.0,0.17216117216117216,0.5128205128205128,0.009157509157509158,0.047619047619047616,0.23076923076923078,0.16496043956043954,0.0254,7668.983956043957,6406.042765567766,3497699.35
77530,240,0.0,0.041666666666666664,0.18333333333333332,0.020833333333333332,0.07083333333333333,0.17916666666666667,0.04953,0.0,1227.5403333333334,847.0320833333334,203287.7
77531,248,0.0,0.11290322580645161,0.39919354838709675,0.008064516129032258,0.008064516129032258,0.4274193548387097,0.09330403225806451,0.0,6112.579879032258,4064.2712096774194,1007939.26
77532,424,0.0,0.054245283018867926,0.41509433962264153,0.049528301886792456,0.03773584905660377,0.23820754716981132,0.134188679245283,0.0,5291.405731132075,3029.810754716981,1284639.76
77534,50,0.0,0.12,0.6,0.06,0.02,0.36,0.19507199999999997,0.127,6909.6188,5020.1792,251008.96
77535,448,0.0,0.08258928571428571,0.4799107142857143,0.09598214285714286,0.11160714285714286,0.1875,0.1584098214285714,0.0254,4398.14078125,2870.8366071428572,1286134.8
77536,294,0.0,0.06462585034013606,0.3299319727891156,0.013605442176870748,0.04421768707482993,0.32653061224489793,0.03334829931972789,0.0,2493.277244897959,1579.4118027210884,464347.07
77539,1678,0.0005959475566150178,0.14243146603098927,0.6430274135876043,0.014898688915375448,0.028605482717520857,0.4755661501787843,0.2777197854588796,0.15239999999999998,10307.139070321811,5301.436871275328,8895811.07
77541,236,0.0,0.029661016949152543,0.1864406779661017,0.025423728813559324,0.046610169491525424,0.4491525423728814,0.08125847457627118,0.0,2868.404830508475,1685.4129237288137,397757.45
77545,547,0.0,0.04204753199268738,0.04753199268738574,0.007312614259597806,0.043875685557586835,0.11517367458866545,0.008729798903107861,0.0,286.40586837294336,317.467970749543,173654.98
77546,1033,0.0,0.12100677637947725,0.5788964181994192,0.008712487899322363,0.0377541142303969,0.5188770571151985,0.3186187802516941,0.1016,12456.736408518878,5424.673465634076,5603687.69
77547,92,0.0,0.03260869565217391,0.2717391304347826,0.03260869565217391,0.10869565217391304,0.13043478260869565,0.06267173913043478,0.0,2221.381413043478,1885.5980434782607,173475.02
77550,165,0.0,0.04242424242424243,0.06666666666666667,0.012121212121212121,0.048484848484848485,0.696969696969697,0.016625454545454544,0.0,249.4960606060606,336.04157575757574,55446.86
77551,128,0.0,0.046875,0.109375,0.0,0.046875,0.8203125,0.041275,0.0,379.156171875,370.037109375,47364.75
77554,80,0.0,0.0625,0.05,0.0125,0.025,0.8375,0.0212725,0.0,92.573125,118.15,9452.0
77560,39,0.0,0.10256410256410256,0.6666666666666666,0.02564102564102564,0.0,0.1794871794871795,0.30154358974358975,0.127,12161.57641025641,6684.6041025641025,260699.56
77562,111,0.009009009009009009,0.02702702702702703,0.42342342342342343,0.02702702702702703,0.07207207207207207,0.32432432432432434,0.26383963963963963,0.0,4280.1114414414415,2732.0294594594598,303255.27
77563,212,0.0,0.08018867924528301,0.5330188679245284,0.03773584905660377,0.02358490566037736,0.4481132075471698,0.20092358490566037,0.07619999999999999,5985.426367924528,4016.244245283019,851443.78
77564,31,0.0,0.06451612903225806,0.45161290322580644,0.0,0.06451612903225806,0.0967741935483871,0.11225161290322579,0.0254,4437.596774193548,3815.1496774193547,118269.64
77565,114,0.0,0.08771929824561403,0.4473684210526316,0.008771929824561403,0.02631578947368421,0.6929824561403509,0.18069649122807016,0.0,2258.166842105263,835.391052631579,95234.58
77566,379,0.0,0.044854881266490766,0.22163588390501318,0.002638522427440633,0.002638522427440633,0.49868073878627966,0.11198786279683376,0.0,4905.6837994722955,1830.3401846965698,693698.9299999999
77568,361,0.0,0.07479224376731301,0.4376731301939058,0.04155124653739612,0.055401662049861494,0.2548476454293629,0.06768642659279778,0.0,3011.708199445983,2567.5637950138503,926890.53
77571,430,0.0,0.03953488372093023,0.32325581395348835,0.030232558139534883,0.09534883720930233,0.4627906976744186,0.05635255813953489,0.0,3054.8403488372096,1526.8926279069767,656563.83
77573,1177,0.0008496176720475786,0.10110450297366186,0.4290569243840272,0.0076465590484282074,0.027187765505522515,0.4358538657604078,0.11543296516567544,0.0,5901.122438402719,3234.5007306711977,3807007.36
77575,204,0.0,0.07352941176470588,0.36764705882352944,0.05392156862745098,0.0784313725490196,0.18137254901960784,0.13945098039215686,0.0,2599.0576960784315,1715.6698529411763,349996.64999999997
77577,32,0.0,0.21875,0.6875,0.125,0.03125,0.4375,0.5627687499999999,0.5714999999999999,15078.5953125,6010.15,192324.8
77578,241,0.0,0.07053941908713693,0.2157676348547718,0.024896265560165973,0.04979253112033195,0.2946058091286307,0.07988879668049792,0.0,2486.863692946058,1287.341161825726,310249.22
77581,640,0.0,0.09375,0.4359375,0.01875,0.0296875,0.4515625,0.17779999999999999,0.0,7242.7858125,3140.427765625,2009873.77
77583,514,0.0,0.033073929961089495,0.19455252918287938,0.027237354085603113,0.04085603112840467,0.23735408560311283,0.07689182879377432,0.0,2119.8456031128403,1463.2717315175098,752121.67
77584,848,0.0,0.04481132075471698,0.16273584905660377,0.00589622641509434,0.054245283018867926,0.3761792452830189,0.028814622641509434,0.0,1626.5907311320755,841.6865094339623,713750.16
77586,176,0.005681818181818182,0.07386363636363637,0.2784090909090909,0.011363636363636364,0.017045454545454544,0.8068181818181818,0.050655681818181815,0.0,2585.8685795454544,1009.2614204545455,177630.01
77587,277,0.0,0.08303249097472924,0.7364620938628159,0.05054151624548736,0.09025270758122744,0.34657039711191334,0.1927465703971119,0.127,7336.144657039711,4675.669747292419,1295160.52
77590,278,0.0,0.02158273381294964,0.09712230215827339,0.02158273381294964,0.046762589928057555,0.381294964028777,0.011603597122302156,0.0,522.501618705036,467.4651438848921,129955.31
77591,376,0.0,0.0851063829787234,0.43882978723404253,0.0,0.026595744680851064,0.2898936170212766,0.07599734042553191,0.0,4364.630877659574,3336.8463829787233,1254654.24
77598,190,0.0,0.07368421052631578,0.34210526315789475,0.005263157894736842,0.031578947368421054,0.531578947368421,0.09946105263157895,0.0,2619.2974210526318,1900.5627894736842,361106.93
77611,366,0.0,0.05737704918032787,0.4371584699453552,0.01092896174863388,0.03278688524590164,0.7923497267759563,0.1181863387978142,0.0,5751.464863387979,1557.122650273224,569906.89
77612,175,0.0,0.011428571428571429,0.2057142857142857,0.08,0.04,0.12571428571428572,0.06052457142857142,0.0,1890.5099428571427,1120.6613714285713,196115.74
77613,36,0.0,0.027777777777777776,0.3055555555555556,0.027777777777777776,0.1111111111111111,0.19444444444444445,0.03951111111111111,0.0,1593.836111111111,1043.5130555555556,37566.47
77619,545,0.0,0.09541284403669725,0.48807339449541287,0.01834862385321101,0.03486238532110092,0.43853211009174314,0.17971082568807337,0.0254,6878.711137614679,3612.9863302752296,1969077.55
77622,88,0.0,0.17045454545454544,0.7840909090909091,0.06818181818181818,0.045454545454545456,0.3409090909090909,0.3665681818181818,0.2794,13057.448181818181,7409.958409090908,652076.34
77625,208,0.0,0.057692307692307696,0.25,0.052884615384615384,0.052884615384615384,0.11057692307692307,0.1681528846153846,0.0,4308.902211538461,2673.6535576923075,556119.94
77627,534,0.0,0.08614232209737828,0.3782771535580524,0.028089887640449437,0.03745318352059925,0.3838951310861423,0.0824310861423221,0.0,3940.809400749064,2073.2652621722846,1107123.65
77629,26,0.0,0.11538461538461539,0.6538461538461539,0.19230769230769232,0.0,0.07692307692307693,0.26376923076923076,0.1397,7698.9792307692305,6427.639999999999,167118.63999999998
77630,1088,0.0,0.09191176470588236,0.46691176470588236,0.03308823529411765,0.0625,0.4273897058823529,0.18393988970588235,0.0,7053.581305147059,3814.9139613970588,4150626.39
77632,1298,0.0,0.14098613251155623,0.5508474576271186,0.04468412942989214,0.03852080123266564,0.31432973805855163,0.2577571648690293,0.1016,9633.326610169492,5656.97373651772,7342751.91
77640,690,0.0,0.1144927536231884,0.6115942028985507,0.030434782608695653,0.03768115942028986,0.4246376811594203,0.2564663768115942,0.15239999999999998,9566.163231884058,6239.030594202899,4304931.11
77642,1283,0.0,0.07170693686671863,0.6289945440374123,0.02338269680436477,0.042868277474668745,0.47388932190179267,0.24479423226812155,0.17779999999999999,9540.374489477786,5636.887178487919,7232126.25
77650,28,0.0,0.0,0.0,0.03571428571428571,0.0,0.75,0.0027214285714285713,0.0,0.0,53.57142857142857,1500.0
77651,262,0.0,0.06870229007633588,0.2595419847328244,0.015267175572519083,0.03435114503816794,0.4389312977099237,0.04857022900763358,0.0,2540.4229770992365,1172.9805725190838,307320.91
77656,386,0.0,0.025906735751295335,0.13989637305699482,0.015544041450777202,0.05958549222797927,0.10880829015544041,0.07225181347150259,0.0,2012.2692227979276,1349.9892227979276,521095.84
77657,559,0.0017889087656529517,0.11270125223613596,0.3559928443649374,0.016100178890876567,0.04114490161001789,0.2039355992844365,0.41553309481216455,0.0,12021.38305903399,6047.848354203936,3380747.23
77659,312,0.0,0.17307692307692307,0.782051282051282,0.035256410256410256,0.035256410256410256,0.46474358974358976,0.725202564102564,0.7111999999999999,21793.026474358972,8557.438493589743,2669920.81
77660,25,0.0,0.0,0.28,0.0,0.08,0.08,0.04063999999999999,0.0,1425.6596,508.5248,12713.12
77662,1346,0.0029717682020802376,0.13818722139673106,0.5364041604754829,0.03789004457652303,0.02674591381872214,0.22956909361069835,0.35407147102526004,0.08889999999999999,11331.64794947994,7183.262065378901,9668670.74
77663,41,0.0,0.04878048780487805,0.24390243902439024,0.024390243902439025,0.04878048780487805,0.3170731707317073,0.15673658536585366,0.0,6222.487560975609,2385.964146341463,97824.53
77664,28,0.0,0.0,0.07142857142857142,0.07142857142857142,0.14285714285714285,0.0,0.019957142857142857,0.0,41.870357142857145,62.69535714285714,1755.47
77665,177,0.0,0.12429378531073447,0.5819209039548022,0.03954802259887006,0.062146892655367235,0.2711864406779661,0.1918632768361582,0.07619999999999999,7328.118474576271,4185.2629943502825,740791.55
77701,272,0.0,0.051470588235294115,0.22794117647058823,0.01838235294117647,0.05514705882352941,0.13602941176470587,0.03950073529411764,0.0,1647.7077205882354,1715.9539338235295,466739.47000000003
77702,53,0.0,0.07547169811320754,0.09433962264150944,0.03773584905660377,0.03773584905660377,0.2641509433962264,0.011501886792452828,0.0,121.70245283018869,255.46264150943398,13539.52
77703,293,0.006825938566552901,0.03754266211604096,0.13993174061433447,0.017064846416382253,0.05802047781569966,0.16723549488054607,0.04941296928327645,0.0,2521.071672354949,1321.6687030716723,387248.93
77705,746,0.0,0.0777479892761394,0.3579088471849866,0.02546916890080429,0.04155495978552279,0.34584450402144773,0.12717024128686327,0.0,4633.0723458445045,2403.5087399463805,1793017.52
77706,636,0.0,0.031446540880503145,0.04874213836477988,0.0047169811320754715,0.025157232704402517,0.3333333333333333,0.005351572327044025,0.0,296.18591194968553,380.93809748427674,242276.63
77707,552,0.0,0.04891304347826087,0.14673913043478262,0.009057971014492754,0.04528985507246377,0.2463768115942029,0.018267753623188405,0.0,866.2027717391304,773.1222101449275,426763.46
77708,460,0.0,0.0782608695652174,0.2565217391304348,0.008695652173913044,0.02826086956521739,0.24347826086956523,0.17437652173913043,0.0,5587.408043478261,4329.712,1991667.52
77713,680,0.0,0.13529411764705881,0.4602941176470588,0.013235294117647059,0.029411764705882353,0.3735294117647059,0.572209705882353,0.0,15508.232999999998,6710.155000000001,4562905.4
77901,1019,0.0,0.042198233562315994,0.010794896957801767,0.02649656526005888,0.15996074582924436,0.1099116781157998,0.001744847890088322,0.0,35.842865554465156,194.8614916584887,198563.86
77904,784,0.0,0.05357142857142857,0.0012755102040816326,0.02040816326530612,0.10076530612244898,0.09311224489795919,6.479591836734694e-05,0.0,0.40057397959183677,84.50653061224489,66253.12
77905,508,0.0,0.06496062992125984,0.027559055118110236,0.07874015748031496,0.25196850393700787,0.07283464566929133,0.0072,0.0,136.194468503937,317.45606299212596,161267.68
77951,62,0.0,0.016129032258064516,0.016129032258064516,0.11290322580645161,0.2903225806451613,0.016129032258064516,0.00040967741935483867,0.0,1.1922580645161291,137.4758064516129,8523.5
77954,119,0.0,0.05042016806722689,0.07563025210084033,0.04201680672268908,0.18487394957983194,0.12605042016806722,0.02497310924369748,0.0,185.77495798319325,154.22084033613444,18352.28
77957,213,0.0,0.023474178403755867,0.028169014084507043,0.028169014084507043,0.11737089201877934,0.19718309859154928,0.011686384976525821,0.0,139.85967136150234,306.19910798122066,65220.409999999996
77962,43,0.0,0.0,0.0,0.023255813953488372,0.06976744186046512,0.11627906976744186,0.0011813953488372094,0.0,0.0,69.76744186046511,3000.0
77963,129,0.0,0.06976744186046512,0.007751937984496124,0.05426356589147287,0.3023255813953488,0.046511627906976744,0.0005906976744186046,0.0,1.9689922480620154,96.59906976744186,12461.28
77968,69,0.0,0.043478260869565216,0.028985507246376812,0.014492753623188406,0.11594202898550725,0.08695652173913043,0.002208695652173913,0.0,179.708115942029,155.20101449275364,10708.87
77971,21,0.0,0.047619047619047616,0.0,0.047619047619047616,0.14285714285714285,0.3333333333333333,0.0,0.0,0.0,23.80952380952381,500.0
77977,27,0.0,0.07407407407407407,0.0,0.037037037037037035,0.48148148148148145,0.07407407407407407,0.0,0.0,0.0,203.70333333333332,5499.99
77979,606,0.0,0.037953795379537955,0.024752475247524754,0.0297029702970297,0.18646864686468648,0.23927392739273928,0.0063709570957095705,0.0,91.7189603960396,361.86633663366337,219291.0
77982,38,0.0,0.07894736842105263,0.02631578947368421,0.0,0.18421052631578946,0.6052631578947368,0.0013368421052631578,0.0,0.8421052631578947,39.473684210526315,1500.0
77983,80,0.0,0.075,0.0375,0.0125,0.275,0.35,0.008889999999999999,0.0,225.707125,388.32662500000004,31066.13
77990,28,0.0,0.0,0.14285714285714285,0.03571428571428571,0.32142857142857145,0.35714285714285715,0.07982857142857143,0.0,196.18535714285713,456.2371428571428,12774.64
77995,27,0.0,0.07407407407407407,0.0,0.037037037037037035,0.07407407407407407,0.07407407407407407,0.0,0.0,0.0,88.96481481481482,2402.05
78102,166,0.0,0.04819277108433735,0.0,0.018072289156626505,0.1686746987951807,0.0963855421686747,0.0006120481927710843,0.0,0.0,79.91289156626506,13265.54
78336,712,0.009831460674157303,0.06882022471910113,0.05196629213483146,0.06741573033707865,0.2542134831460674,0.29634831460674155,0.014697752808988765,0.0,344.70566011235957,726.5641011235955,517313.64
78340,34,0.029411764705882353,0.08823529411764706,0.058823529411764705,0.058823529411764705,0.38235294117647056,0.35294117647058826,0.010458823529411763,0.0,127.58529411764705,1080.3067647058824,36730.43
78343,25,0.0,0.0,0.04,0.0,0.0,0.16,0.004064,0.0,44.272,70.266,1756.65
78358,90,0.022222222222222223,0.14444444444444443,0.0,0.044444444444444446,0.26666666666666666,0.35555555555555557,0.0,0.0,0.0,1051.7942222222223,94661.48
78359,39,0.0,0.1282051282051282,0.0,0.0,0.20512820512820512,0.1794871794871795,0.0,0.0,0.0,153.21333333333334,5975.32
78362,505,0.0019801980198019802,0.10297029702970296,0.013861386138613862,0.027722772277227723,0.20594059405940593,0.3306930693069307,0.00834930693069307,0.0,17.15356435643564,290.5819801980198,146743.9
78363,42,0.0,0.047619047619047616,0.023809523809523808,0.0,0.07142857142857142,0.19047619047619047,0.0030238095238095237,0.0,2.380952380952381,133.33333333333334,5600.0
78368,50,0.0,0.04,0.0,0.0,0.06,0.1,0.0,0.0,0.0,120.0,6000.0
78370,66,0.0,0.06060606060606061,0.015151515151515152,0.015151515151515152,0.19696969696969696,0.16666666666666666,0.0007696969696969697,0.0,3.0254545454545454,121.21196969696969,7999.99
78373,539,0.02040816326530612,0.07606679035250463,0.3580705009276438,0.022263450834879406,0.19666048237476808,0.7569573283858998,0.21945788497217067,0.0,3438.1664192949906,1471.0688682745827,792906.12
78374,596,0.0,0.08389261744966443,0.0016778523489932886,0.03355704697986577,0.08892617449664429,0.28187919463087246,0.00012785234899328858,0.0,0.6530872483221477,166.46104026845637,99210.78
78377,177,0.0,0.03389830508474576,0.005649717514124294,0.02824858757062147,0.3615819209039548,0.15254237288135594,0.002152542372881356,0.0,23.895706214689266,530.6340677966102,93922.23000000001
78380,145,0.0,0.06206896551724138,0.006896551724137931,0.034482758620689655,0.10344827586206896,0.4068965517241379,0.0005255172413793103,0.0,8.504896551724139,103.16000000000001,14958.2
78382,1855,0.01078167115902965,0.08086253369272237,0.06307277628032346,0.04743935309973046,0.2587601078167116,0.5681940700808625,0.02511245283018868,0.0,586.1159568733154,673.4719892183289,1249290.54
78387,137,0.0,0.051094890510948905,0.0,0.029197080291970802,0.15328467153284672,0.24087591240875914,0.0,0.0,0.0,90.56065693430656,12406.81
78390,142,0.0,0.14788732394366197,0.014084507042253521,0.06338028169014084,0.23943661971830985,0.14084507042253522,0.002504225352112676,0.0,22.614859154929576,210.49338028169015,29890.06
78393,122,0.0,0.05737704918032787,0.00819672131147541,0.07377049180327869,0.3524590163934426,0.13114754098360656,0.006454098360655738,0.0,0.9337704918032788,511.27450819672134,62375.490000000005
78404,214,0.0,0.07476635514018691,0.004672897196261682,0.014018691588785047,0.11682242990654206,0.17757009345794392,0.002967289719626168,0.0,0.3364485981308411,117.10214953271029,25059.86
78405,127,0.0,0.05511811023622047,0.0,0.0,0.14960629921259844,0.1889763779527559,0.0015999999999999999,0.0,0.0,123.23259842519685,15650.54
78407,33,0.0,0.06060606060606061,0.0,0.0,0.09090909090909091,0.12121212121212122,0.0,0.0,0.0,252.42000000000002,8329.86
78408,146,0.0,0.0547945205479452,0.00684931506849315,0.0273972602739726,0.11643835616438356,0.15753424657534246,0.0008698630136986301,0.0,0.14027397260273972,154.98479452054795,22627.78
78409,27,0.0,0.037037037037037035,0.0,0.07407407407407407,0.1111111111111111,0.037037037037037035,0.0009407407407407407,0.0,0.0,55.55555555555556,1500.0
78410,291,0.0,0.054982817869415807,0.006872852233676976,0.006872852233676976,0.048109965635738834,0.18900343642611683,0.00026185567010309277,0.0,1.829553264604811,79.40628865979382,23107.23
78411,497,0.0,0.060362173038229376,0.002012072434607646,0.004024144869215292,0.0925553319919517,0.23138832997987926,0.0005110663983903421,0.0,0.6414084507042253,104.57700201207244,51974.770000000004
78412,555,0.0,0.08648648648648649,0.007207207207207207,0.007207207207207207,0.0918918918918919,0.2756756756756757,0.00036612612612612613,0.0,1.011963963963964,133.87120720720722,74298.52
78413,611,0.0,0.07692307692307693,0.0032733224222585926,0.011456628477905073,0.049099836333878884,0.23076923076923078,0.00037414075286415705,0.0,2.10152209492635,73.2130278232406,44733.16
78414,736,0.0,0.06114130434782609,0.001358695652173913,0.004076086956521739,0.03940217391304348,0.2717391304347826,0.00041413043478260865,0.0,0.17391304347826086,65.72792119565217,48375.75
78415,799,0.0,0.07884856070087609,0.0050062578222778474,0.011264080100125156,0.07884856070087609,0.16020025031289112,0.000667584480600751,0.0,6.525694618272841,116.73680851063831,93272.71
78416,228,0.0,0.06140350877192982,0.0043859649122807015,0.03070175438596491,0.11842105263157894,0.13596491228070176,0.002785087719298245,0.0,0.8942982456140351,134.895,30756.06
78417,92,0.0,0.08695652173913043,0.021739130434782608,0.010869565217391304,0.09782608695652174,0.17391304347826086,0.0005521739130434783,0.0,21.50282608695652,62.56478260869565,5755.96
78418,610,0.001639344262295082,0.05901639344262295,0.001639344262295082,0.013114754098360656,0.09508196721311475,0.5377049180327869,0.0007495081967213115,0.0,0.3881967213114754,109.61496721311477,66865.13
78602,30,0.0,0.03333333333333333,0.1,0.03333333333333333,0.26666666666666666,0.13333333333333333,0.0050799999999999994,0.0,108.368,158.368,4751.04
78629,30,0.0,0.0,0.0,0.03333333333333333,0.1,0.03333333333333333,0.0,0.0,0.0,16.666666666666668,500.0
78934,39,0.0,0.0,0.41025641025641024,0.02564102564102564,0.02564102564102564,0.1282051282051282,0.1504461538461538,0.0,3700.6869230769234,2038.46,79499.94
78945,66,0.030303030303030304,0.045454545454545456,0.5909090909090909,0.030303030303030304,0.030303030303030304,0.22727272727272727,0.8339666666666666,0.36829999999999996,19159.90742424242,10247.820151515152,676356.13
78957,34,0.0,0.08823529411764706,0.3235294117647059,0.029411764705882353,0.058823529411764705,0.20588235294117646,0.09861176470588234,0.0,2731.359411764706,738.4129411764707,25106.04
